{
    "swagger": "2.0",
    "info": {
        "title": "Trackernet",
        "version": "1.0"
    },
    "host": "api.tfl.gov.uk",
    "basePath": "/trackernet",
    "schemes": [
        "https"
    ],
    "securityDefinitions": {
        "apiKeyHeader": {
            "type": "apiKey",
            "name": "app_key",
            "in": "header"
        },
        "apiKeyQuery": {
            "type": "apiKey",
            "name": "app_key",
            "in": "query"
        }
    },
    "security": [
        {
            "apiKeyHeader": []
        },
        {
            "apiKeyQuery": []
        }
    ],
    "paths": {
        "/LineStatus": {
            "get": {
                "description": "Gets line status data",
                "operationId": "linestatus",
                "summary": "LineStatus",
                "responses": {
                    "200": {
                        "description": ""
                    }
                }
            }
        },
        "/LineStatus/IncidentsOnly": {
            "get": {
                "description": "LineStatusIncidentsOnly",
                "operationId": "linestatusincidentsonly",
                "summary": "LineStatusIncidentsOnly",
                "responses": {
                    "200": {
                        "description": ""
                    }
                }
            }
        },
        "/StationStatus": {
            "get": {
                "description": "StationStatus",
                "operationId": "stationstatus",
                "summary": "StationStatus",
                "responses": {
                    "200": {
                        "description": ""
                    }
                }
            }
        },
        "/StationStatus/IncidentsOnly": {
            "get": {
                "description": "StationStatusIncidentsOnly",
                "operationId": "stationstatusincidentsonly",
                "summary": "StationStatusIncidentsOnly",
                "responses": {
                    "200": {
                        "description": ""
                    }
                }
            }
        },
        "/PredictionDetailed/{line}/{station}": {
            "get": {
                "description": "PredictionDetailed",
                "operationId": "predictiondetailed",
                "summary": "PredictionDetailed",
                "parameters": [
                    {
                        "name": "line",
                        "in": "path",
                        "required": true,
                        "type": "string"
                    },
                    {
                        "name": "station",
                        "in": "path",
                        "required": true,
                        "type": "string"
                    }
                ],
                "responses": {
                    "200": {
                        "description": ""
                    }
                }
            }
        },
        "/PredictionSummary/{line}": {
            "get": {
                "description": "PredictionSummary",
                "operationId": "predictionsummary",
                "summary": "PredictionSummary",
                "parameters": [
                    {
                        "name": "line",
                        "in": "path",
                        "required": true,
                        "type": "string"
                    }
                ],
                "responses": {
                    "200": {
                        "description": ""
                    }
                }
            }
        }
    },
    "tags": []
}