{
    "swagger": "2.0",
    "info": {
        "title": "API JPlive Public",
        "version": "1.0",
        "description": "STOPSTRUCTURE_REQUEST provides data about the internal structure of a station, stop, pier or other stop point. In other words, it includes data about entrances, concourses, ticket halls and platforms, as well as possible interchanges between these areas."
    },
    "host": "api.tfl.gov.uk",
    "basePath": "/jp_public",
    "schemes": [
        "https"
    ],
    "securityDefinitions": {
        "apiKeyHeader": {
            "type": "apiKey",
            "name": "app_key",
            "in": "header"
        },
        "apiKeyQuery": {
            "type": "apiKey",
            "name": "app_key",
            "in": "query"
        }
    },
    "security": [
        {
            "apiKeyHeader": []
        },
        {
            "apiKeyQuery": []
        }
    ],
    "paths": {
        "/api10/XML_STOPSTRUCTURE_REQUEST": {
            "get": {
                "description": "Stop Structure request API",
                "operationId": "api-xml-stop-structure-request",
                "summary": "api XML stop structure request",
                "parameters": [
                    {
                        "name": "sSStopNr",
                        "in": "query",
                        "required": true,
                        "type": "string",
                        "enum": [
                            "940GZZLUSJP"
                        ]
                    }
                ],
                "responses": {
                    "200": {
                        "description": ""
                    }
                }
            }
        }
    },
    "definitions": {},
    "tags": []
}