{
    "swagger": "2.0",
    "info": {
        "title": "Vehicle",
        "version": "1.0",
        "description": "APIs relating to Vehicle and similar services"
    },
    "host": "api.tfl.gov.uk",
    "basePath": "/Vehicle",
    "schemes": [
        "https"
    ],
    "securityDefinitions": {
        "apiKeyHeader": {
            "type": "apiKey",
            "name": "app_key",
            "in": "header"
        },
        "apiKeyQuery": {
            "type": "apiKey",
            "name": "app_key",
            "in": "query"
        }
    },
    "security": [
        {
            "apiKeyHeader": []
        },
        {
            "apiKeyQuery": []
        }
    ],
    "paths": {
        "/{ids}/Arrivals": {
            "get": {
                "description": "Gets the predictions for a given list of vehicle Id's.",
                "operationId": "Vehicle_GetByPathIds",
                "summary": "Gets the predictions for a given list of vehicle Id's.",
                "tags": [
                    "Vehicle"
                ],
                "parameters": [
                    {
                        "name": "ids",
                        "in": "path",
                        "description": "A comma-separated list of vehicle ids e.g. LX58CFV,LX11AZB,LX58CFE. Max approx. 25 ids.",
                        "required": true,
                        "type": "string"
                    }
                ],
                "produces": [
                    "application/json",
                    "text/json",
                    "application/xml",
                    "text/xml"
                ],
                "responses": {
                    "200": {
                        "description": "OK",
                        "schema": {
                            "$ref": "#/definitions/ids-ArrivalsGet200TextXmlResponse"
                        },
                        "examples": {
                            "application/json": [
                                {
                                    "id": "string",
                                    "operationType": 0,
                                    "vehicleId": "string",
                                    "naptanId": "string",
                                    "stationName": "string",
                                    "lineId": "string",
                                    "lineName": "string",
                                    "platformName": "string",
                                    "direction": "string",
                                    "bearing": "string",
                                    "destinationNaptanId": "string",
                                    "destinationName": "string",
                                    "timestamp": "string",
                                    "timeToStation": 0,
                                    "currentLocation": "string",
                                    "towards": "string",
                                    "expectedArrival": "string",
                                    "timeToLive": "string",
                                    "modeName": "string",
                                    "timing": {
                                        "countdownServerAdjustment": "string",
                                        "source": "string",
                                        "insert": "string",
                                        "read": "string",
                                        "sent": "string",
                                        "received": "string"
                                    }
                                }
                            ],
                            "text/json": [
                                {
                                    "id": "string",
                                    "operationType": 0,
                                    "vehicleId": "string",
                                    "naptanId": "string",
                                    "stationName": "string",
                                    "lineId": "string",
                                    "lineName": "string",
                                    "platformName": "string",
                                    "direction": "string",
                                    "bearing": "string",
                                    "destinationNaptanId": "string",
                                    "destinationName": "string",
                                    "timestamp": "string",
                                    "timeToStation": 0,
                                    "currentLocation": "string",
                                    "towards": "string",
                                    "expectedArrival": "string",
                                    "timeToLive": "string",
                                    "modeName": "string",
                                    "timing": {
                                        "countdownServerAdjustment": "string",
                                        "source": "string",
                                        "insert": "string",
                                        "read": "string",
                                        "sent": "string",
                                        "received": "string"
                                    }
                                }
                            ],
                            "application/xml": "<ids-ArrivalsGet200ApplicationXmlResponse> <id>string</id> <operationType>0</operationType> <vehicleId>string</vehicleId> <naptanId>string</naptanId> <stationName>string</stationName> <lineId>string</lineId> <lineName>string</lineName> <platformName>string</platformName> <direction>string</direction> <bearing>string</bearing> <destinationNaptanId>string</destinationNaptanId> <destinationName>string</destinationName> <timestamp>string</timestamp> <timeToStation>0</timeToStation> <currentLocation>string</currentLocation> <towards>string</towards> <expectedArrival>string</expectedArrival> <timeToLive>string</timeToLive> <modeName>string</modeName> <timing> <countdownServerAdjustment>string</countdownServerAdjustment> <source>string</source> <insert>string</insert> <read>string</read> <sent>string</sent> <received>string</received> </timing> </ids-ArrivalsGet200ApplicationXmlResponse>",
                            "text/xml": "<ids-ArrivalsGet200TextXmlResponse> <id>string</id> <operationType>0</operationType> <vehicleId>string</vehicleId> <naptanId>string</naptanId> <stationName>string</stationName> <lineId>string</lineId> <lineName>string</lineName> <platformName>string</platformName> <direction>string</direction> <bearing>string</bearing> <destinationNaptanId>string</destinationNaptanId> <destinationName>string</destinationName> <timestamp>string</timestamp> <timeToStation>0</timeToStation> <currentLocation>string</currentLocation> <towards>string</towards> <expectedArrival>string</expectedArrival> <timeToLive>string</timeToLive> <modeName>string</modeName> <timing> <countdownServerAdjustment>string</countdownServerAdjustment> <source>string</source> <insert>string</insert> <read>string</read> <sent>string</sent> <received>string</received> </timing> </ids-ArrivalsGet200TextXmlResponse>"
                        }
                    }
                }
            }
        }
    },
    "definitions": {
        "Tfl": {
            "type": "object",
            "properties": {
                "countdownServerAdjustment": {
                    "type": "string"
                },
                "source": {
                    "format": "date-time",
                    "type": "string"
                },
                "insert": {
                    "format": "date-time",
                    "type": "string"
                },
                "read": {
                    "format": "date-time",
                    "type": "string"
                },
                "sent": {
                    "format": "date-time",
                    "type": "string"
                },
                "received": {
                    "format": "date-time",
                    "type": "string"
                }
            }
        },
        "Tfl-2": {
            "description": "DTO to capture the prediction details",
            "type": "object",
            "properties": {
                "id": {
                    "description": "The identitier for the prediction",
                    "type": "string"
                },
                "operationType": {
                    "format": "int32",
                    "description": "The type of the operation (1: is new or has been updated, 2: should be deleted from any client cache)",
                    "type": "integer"
                },
                "vehicleId": {
                    "description": "The actual vehicle in transit (for train modes, the leading car of the rolling set)",
                    "type": "string"
                },
                "naptanId": {
                    "description": "Identifier for the prediction",
                    "type": "string"
                },
                "stationName": {
                    "description": "Station name",
                    "type": "string"
                },
                "lineId": {
                    "description": "Unique identifier for the Line",
                    "type": "string"
                },
                "lineName": {
                    "description": "Line Name",
                    "type": "string"
                },
                "platformName": {
                    "description": "Platform name (for bus, this is the stop letter)",
                    "type": "string"
                },
                "direction": {
                    "description": "Direction (unified to inbound/outbound)",
                    "type": "string"
                },
                "bearing": {
                    "description": "Bearing (between 0 to 359)",
                    "type": "string"
                },
                "destinationNaptanId": {
                    "description": "Naptan Identifier for the prediction's destination",
                    "type": "string"
                },
                "destinationName": {
                    "description": "Name of the destination",
                    "type": "string"
                },
                "timestamp": {
                    "format": "date-time",
                    "description": "Timestamp for when the prediction was inserted/modified (source column drives what objects are broadcast on each iteration)",
                    "type": "string"
                },
                "timeToStation": {
                    "format": "int32",
                    "description": "Prediction of the Time to station in seconds",
                    "type": "integer"
                },
                "currentLocation": {
                    "description": "The current location of the vehicle.",
                    "type": "string"
                },
                "towards": {
                    "description": "Routing information or other descriptive text about the path of the vehicle towards the destination",
                    "type": "string"
                },
                "expectedArrival": {
                    "format": "date-time",
                    "description": "The expected arrival time of the vehicle at the stop/station",
                    "type": "string"
                },
                "timeToLive": {
                    "format": "date-time",
                    "description": "The expiry time for the prediction",
                    "type": "string"
                },
                "modeName": {
                    "description": "The mode name of the station/line the prediction relates to",
                    "type": "string"
                },
                "timing": {
                    "$ref": "#/definitions/Tfl"
                }
            }
        },
        "Tfl-3": {
            "description": "",
            "type": "object",
            "properties": {
                "vrm": {
                    "type": "string"
                },
                "type": {
                    "type": "string"
                },
                "make": {
                    "type": "string"
                },
                "model": {
                    "type": "string"
                },
                "colour": {
                    "type": "string"
                },
                "compliance": {
                    "enum": [
                        "NotAvailable",
                        "NotCompliant",
                        "Compliant",
                        "Exempt"
                    ],
                    "type": "string"
                }
            }
        },
        "ids-ArrivalsGet200ApplicationJsonResponse": {
            "type": "array",
            "items": {
                "$ref": "#/definitions/Tfl-2"
            }
        },
        "ids-ArrivalsGet200TextJsonResponse": {
            "type": "array",
            "items": {
                "$ref": "#/definitions/Tfl-2"
            }
        },
        "ids-ArrivalsGet200ApplicationXmlResponse": {
            "type": "array",
            "items": {
                "$ref": "#/definitions/Tfl-2"
            }
        },
        "ids-ArrivalsGet200TextXmlResponse": {
            "type": "array",
            "items": {
                "$ref": "#/definitions/Tfl-2"
            }
        }
    },
    "tags": []
}